{
    "system": [
        {
            "token": "MTIzNTI5ODQ5NDkxOTQ3OTM1Nw.Gy0JGH.8UyVhEca2nkZG2u1BCAtTHyJLN91DcTIdB-p9k",
            "prefix": "!",
            "owner": "520774569855025152",
            "BotID": "5",
            "CLIENTID": "1235298494919479357"
        },
        {
            "token": "MTI2Njg2ODA0NDIxMTI5MDE0NA.GbUaem.J4SjoY9XMEfu-ePNr1PeGGzH114O2II8oQx40I",
            "prefix": "1",
            "owner": "520774569855025152",
            "BotID": "6",
            "CLIENTID": "1266868044211290144"
        },
        {
            "token": "MTI1MTIwMDI1NTI0MDgzNTE5Mw.Ga5jLw.tr0Byr1bL5J2ouav3bkEVqxuohPC7RuQ01Vxag",
            "prefix": "-",
            "owner": "520774569855025152",
            "BotID": "7",
            "CLIENTID": "1251200255240835193"
        },
        {
            "token": "MTIzNTMzNDc4MDA0NDcwNTg1Mg.G9V-ep.n2TpVK8n-iuOkvELkBMtsONvrAelnjt14HTZiY",
            "prefix": "$",
            "owner": "520774569855025152",
            "BotID": "8",
            "CLIENTID": "1235334780044705852"
        }
    ]
}